,plddt,ptm,pdb_path,model,cluster,cluster_size,TMscore_2QKEE,TMscore_5JYTA,TMscore_mesoricin1,TMscore_mesoricin4
0,0.7116814255714417,0.19509325921535492,mesoricin1_dd7d1/pdb/model_1_ptm_cluster0_r3_seed0.pdb,model_1_ptm,0,158,0.0911,0.087,0.5518,0.2046
1,0.7116814255714417,0.19509325921535492,mesoricin1_dd7d1/pdb/model_1_ptm_cluster0_r3_seed0.pdb,model_1_ptm,0,158,0.0911,0.087,0.5518,0.2046
2,0.7116814255714417,0.19509325921535492,mesoricin1_dd7d1/pdb/model_1_ptm_cluster0_r3_seed0.pdb,model_1_ptm,0,158,0.0911,0.087,0.5518,0.2046
3,0.7116814255714417,0.19509325921535492,mesoricin1_dd7d1/pdb/model_1_ptm_cluster0_r3_seed0.pdb,model_1_ptm,0,158,0.0911,0.087,0.5518,0.2046
4,0.7546465992927551,0.2350255399942398,mesoricin1_dd7d1/pdb/model_2_ptm_cluster0_r2_seed0.pdb,model_2_ptm,0,158,0.0891,0.0823,0.531,0.2419
5,0.7546465992927551,0.2350255399942398,mesoricin1_dd7d1/pdb/model_2_ptm_cluster0_r2_seed0.pdb,model_2_ptm,0,158,0.0891,0.0823,0.531,0.2419
6,0.7546465992927551,0.2350255399942398,mesoricin1_dd7d1/pdb/model_2_ptm_cluster0_r2_seed0.pdb,model_2_ptm,0,158,0.0891,0.0823,0.531,0.2419
7,0.7330005168914795,0.21835264563560486,mesoricin1_dd7d1/pdb/model_3_ptm_cluster0_r3_seed0.pdb,model_3_ptm,0,158,0.0907,0.0804,0.6539,0.2049
8,0.7330005168914795,0.21835264563560486,mesoricin1_dd7d1/pdb/model_3_ptm_cluster0_r3_seed0.pdb,model_3_ptm,0,158,0.0907,0.0804,0.6539,0.2049
9,0.7330005168914795,0.21835264563560486,mesoricin1_dd7d1/pdb/model_3_ptm_cluster0_r3_seed0.pdb,model_3_ptm,0,158,0.0907,0.0804,0.6539,0.2049
10,0.7330005168914795,0.21835264563560486,mesoricin1_dd7d1/pdb/model_3_ptm_cluster0_r3_seed0.pdb,model_3_ptm,0,158,0.0907,0.0804,0.6539,0.2049
11,0.7142864465713501,0.22698521614074707,mesoricin1_dd7d1/pdb/model_4_ptm_cluster0_r2_seed0.pdb,model_4_ptm,0,158,0.1012,0.0877,0.6121,0.2381
12,0.7142864465713501,0.22698521614074707,mesoricin1_dd7d1/pdb/model_4_ptm_cluster0_r2_seed0.pdb,model_4_ptm,0,158,0.1012,0.0877,0.6121,0.2381
13,0.7142864465713501,0.22698521614074707,mesoricin1_dd7d1/pdb/model_4_ptm_cluster0_r2_seed0.pdb,model_4_ptm,0,158,0.1012,0.0877,0.6121,0.2381
14,0.6655822992324829,0.19151052832603455,mesoricin1_dd7d1/pdb/model_5_ptm_cluster0_r2_seed0.pdb,model_5_ptm,0,158,0.0905,0.0857,0.5003,0.2036
15,0.6655822992324829,0.19151052832603455,mesoricin1_dd7d1/pdb/model_5_ptm_cluster0_r2_seed0.pdb,model_5_ptm,0,158,0.0905,0.0857,0.5003,0.2036
16,0.6655822992324829,0.19151052832603455,mesoricin1_dd7d1/pdb/model_5_ptm_cluster0_r2_seed0.pdb,model_5_ptm,0,158,0.0905,0.0857,0.5003,0.2036
17,0.7516995221376419,0.26340317726135254,mesoricin1_dd7d1/pdb/model_1_ptm_cluster1_r2_seed0.pdb,model_1_ptm,1,9,0.0896,0.0809,0.6451,0.2382
18,0.7516995221376419,0.26340317726135254,mesoricin1_dd7d1/pdb/model_1_ptm_cluster1_r2_seed0.pdb,model_1_ptm,1,9,0.0896,0.0809,0.6451,0.2382
19,0.7516995221376419,0.26340317726135254,mesoricin1_dd7d1/pdb/model_1_ptm_cluster1_r2_seed0.pdb,model_1_ptm,1,9,0.0896,0.0809,0.6451,0.2382
20,0.7221772074699402,0.24534457921981812,mesoricin1_dd7d1/pdb/model_2_ptm_cluster1_r1_seed0.pdb,model_2_ptm,1,9,0.0896,0.0823,0.5869,0.2496
21,0.7221772074699402,0.24534457921981812,mesoricin1_dd7d1/pdb/model_2_ptm_cluster1_r1_seed0.pdb,model_2_ptm,1,9,0.0896,0.0823,0.5869,0.2496
22,0.7595271468162537,0.25745999813079834,mesoricin1_dd7d1/pdb/model_3_ptm_cluster1_r2_seed0.pdb,model_3_ptm,1,9,0.0897,0.0815,0.6396,0.2345
23,0.7595271468162537,0.25745999813079834,mesoricin1_dd7d1/pdb/model_3_ptm_cluster1_r2_seed0.pdb,model_3_ptm,1,9,0.0897,0.0815,0.6396,0.2345
24,0.7595271468162537,0.25745999813079834,mesoricin1_dd7d1/pdb/model_3_ptm_cluster1_r2_seed0.pdb,model_3_ptm,1,9,0.0897,0.0815,0.6396,0.2345
25,0.7441751062870026,0.2538498640060425,mesoricin1_dd7d1/pdb/model_4_ptm_cluster1_r3_seed0.pdb,model_4_ptm,1,9,0.09,0.0821,0.5964,0.2452
26,0.7441751062870026,0.2538498640060425,mesoricin1_dd7d1/pdb/model_4_ptm_cluster1_r3_seed0.pdb,model_4_ptm,1,9,0.09,0.0821,0.5964,0.2452
27,0.7441751062870026,0.2538498640060425,mesoricin1_dd7d1/pdb/model_4_ptm_cluster1_r3_seed0.pdb,model_4_ptm,1,9,0.09,0.0821,0.5964,0.2452
28,0.7441751062870026,0.2538498640060425,mesoricin1_dd7d1/pdb/model_4_ptm_cluster1_r3_seed0.pdb,model_4_ptm,1,9,0.09,0.0821,0.5964,0.2452
29,0.7302189469337463,0.26582908630371094,mesoricin1_dd7d1/pdb/model_5_ptm_cluster1_r3_seed0.pdb,model_5_ptm,1,9,0.0909,0.0828,0.5848,0.2435
30,0.7302189469337463,0.26582908630371094,mesoricin1_dd7d1/pdb/model_5_ptm_cluster1_r3_seed0.pdb,model_5_ptm,1,9,0.0909,0.0828,0.5848,0.2435
31,0.7302189469337463,0.26582908630371094,mesoricin1_dd7d1/pdb/model_5_ptm_cluster1_r3_seed0.pdb,model_5_ptm,1,9,0.0909,0.0828,0.5848,0.2435
32,0.7302189469337463,0.26582908630371094,mesoricin1_dd7d1/pdb/model_5_ptm_cluster1_r3_seed0.pdb,model_5_ptm,1,9,0.0909,0.0828,0.5848,0.2435
33,0.7810436189174652,0.26220518350601196,mesoricin1_dd7d1/pdb/model_1_ptm_cluster2_r3_seed0.pdb,model_1_ptm,2,9,0.0879,0.0788,0.6274,0.2283
34,0.7810436189174652,0.26220518350601196,mesoricin1_dd7d1/pdb/model_1_ptm_cluster2_r3_seed0.pdb,model_1_ptm,2,9,0.0879,0.0788,0.6274,0.2283
35,0.7810436189174652,0.26220518350601196,mesoricin1_dd7d1/pdb/model_1_ptm_cluster2_r3_seed0.pdb,model_1_ptm,2,9,0.0879,0.0788,0.6274,0.2283
36,0.7810436189174652,0.26220518350601196,mesoricin1_dd7d1/pdb/model_1_ptm_cluster2_r3_seed0.pdb,model_1_ptm,2,9,0.0879,0.0788,0.6274,0.2283
37,0.763314962387085,0.2568328380584717,mesoricin1_dd7d1/pdb/model_2_ptm_cluster2_r1_seed0.pdb,model_2_ptm,2,9,0.0883,0.0813,0.6078,0.2362
38,0.763314962387085,0.2568328380584717,mesoricin1_dd7d1/pdb/model_2_ptm_cluster2_r1_seed0.pdb,model_2_ptm,2,9,0.0883,0.0813,0.6078,0.2362
39,0.7608948051929474,0.257704496383667,mesoricin1_dd7d1/pdb/model_3_ptm_cluster2_r3_seed0.pdb,model_3_ptm,2,9,0.0896,0.0807,0.6611,0.218
40,0.7608948051929474,0.257704496383667,mesoricin1_dd7d1/pdb/model_3_ptm_cluster2_r3_seed0.pdb,model_3_ptm,2,9,0.0896,0.0807,0.6611,0.218
41,0.7608948051929474,0.257704496383667,mesoricin1_dd7d1/pdb/model_3_ptm_cluster2_r3_seed0.pdb,model_3_ptm,2,9,0.0896,0.0807,0.6611,0.218
42,0.7608948051929474,0.257704496383667,mesoricin1_dd7d1/pdb/model_3_ptm_cluster2_r3_seed0.pdb,model_3_ptm,2,9,0.0896,0.0807,0.6611,0.218
43,0.7586343735456467,0.2631349265575409,mesoricin1_dd7d1/pdb/model_4_ptm_cluster2_r3_seed0.pdb,model_4_ptm,2,9,0.0908,0.0822,0.6514,0.2365
44,0.7586343735456467,0.2631349265575409,mesoricin1_dd7d1/pdb/model_4_ptm_cluster2_r3_seed0.pdb,model_4_ptm,2,9,0.0908,0.0822,0.6514,0.2365
45,0.7586343735456467,0.2631349265575409,mesoricin1_dd7d1/pdb/model_4_ptm_cluster2_r3_seed0.pdb,model_4_ptm,2,9,0.0908,0.0822,0.6514,0.2365
46,0.7586343735456467,0.2631349265575409,mesoricin1_dd7d1/pdb/model_4_ptm_cluster2_r3_seed0.pdb,model_4_ptm,2,9,0.0908,0.0822,0.6514,0.2365
47,0.7304655909538269,0.25847533345222473,mesoricin1_dd7d1/pdb/model_5_ptm_cluster2_r2_seed0.pdb,model_5_ptm,2,9,0.0932,0.0809,0.6745,0.2228
48,0.7304655909538269,0.25847533345222473,mesoricin1_dd7d1/pdb/model_5_ptm_cluster2_r2_seed0.pdb,model_5_ptm,2,9,0.0932,0.0809,0.6745,0.2228
49,0.7304655909538269,0.25847533345222473,mesoricin1_dd7d1/pdb/model_5_ptm_cluster2_r2_seed0.pdb,model_5_ptm,2,9,0.0932,0.0809,0.6745,0.2228
50,0.7411700487136841,0.271361380815506,mesoricin1_dd7d1/pdb/model_1_ptm_cluster3_r3_seed0.pdb,model_1_ptm,3,57,0.0943,0.0818,0.6322,0.2131
51,0.7411700487136841,0.271361380815506,mesoricin1_dd7d1/pdb/model_1_ptm_cluster3_r3_seed0.pdb,model_1_ptm,3,57,0.0943,0.0818,0.6322,0.2131
52,0.7411700487136841,0.271361380815506,mesoricin1_dd7d1/pdb/model_1_ptm_cluster3_r3_seed0.pdb,model_1_ptm,3,57,0.0943,0.0818,0.6322,0.2131
53,0.7411700487136841,0.271361380815506,mesoricin1_dd7d1/pdb/model_1_ptm_cluster3_r3_seed0.pdb,model_1_ptm,3,57,0.0943,0.0818,0.6322,0.2131
54,0.7958368510007858,0.2834967076778412,mesoricin1_dd7d1/pdb/model_2_ptm_cluster3_r1_seed0.pdb,model_2_ptm,3,57,0.0992,0.0972,0.6333,0.2194
55,0.7958368510007858,0.2834967076778412,mesoricin1_dd7d1/pdb/model_2_ptm_cluster3_r1_seed0.pdb,model_2_ptm,3,57,0.0992,0.0972,0.6333,0.2194
56,0.7952226549386978,0.2837470471858978,mesoricin1_dd7d1/pdb/model_3_ptm_cluster3_r1_seed0.pdb,model_3_ptm,3,57,0.0957,0.0936,0.7015,0.2234
57,0.7952226549386978,0.2837470471858978,mesoricin1_dd7d1/pdb/model_3_ptm_cluster3_r1_seed0.pdb,model_3_ptm,3,57,0.0957,0.0936,0.7015,0.2234
58,0.7830308526754379,0.2811222970485687,mesoricin1_dd7d1/pdb/model_4_ptm_cluster3_r1_seed0.pdb,model_4_ptm,3,57,0.0956,0.0867,0.6801,0.2141
59,0.7830308526754379,0.2811222970485687,mesoricin1_dd7d1/pdb/model_4_ptm_cluster3_r1_seed0.pdb,model_4_ptm,3,57,0.0956,0.0867,0.6801,0.2141
60,0.7674764394760132,0.28733646869659424,mesoricin1_dd7d1/pdb/model_5_ptm_cluster3_r1_seed0.pdb,model_5_ptm,3,57,0.0966,0.089,0.6743,0.2176
61,0.7674764394760132,0.28733646869659424,mesoricin1_dd7d1/pdb/model_5_ptm_cluster3_r1_seed0.pdb,model_5_ptm,3,57,0.0966,0.089,0.6743,0.2176
62,0.7458286881446838,0.23981532454490662,mesoricin1_dd7d1/pdb/model_1_ptm_cluster4_r0_seed0.pdb,model_1_ptm,4,5,0.0877,0.0773,0.6247,0.2111
63,0.7657095938920975,0.2595953047275543,mesoricin1_dd7d1/pdb/model_2_ptm_cluster4_r1_seed0.pdb,model_2_ptm,4,5,0.0881,0.0805,0.5954,0.2453
64,0.7657095938920975,0.2595953047275543,mesoricin1_dd7d1/pdb/model_2_ptm_cluster4_r1_seed0.pdb,model_2_ptm,4,5,0.0881,0.0805,0.5954,0.2453
65,0.749025285243988,0.24834994971752167,mesoricin1_dd7d1/pdb/model_3_ptm_cluster4_r2_seed0.pdb,model_3_ptm,4,5,0.0884,0.0793,0.6486,0.2156
66,0.749025285243988,0.24834994971752167,mesoricin1_dd7d1/pdb/model_3_ptm_cluster4_r2_seed0.pdb,model_3_ptm,4,5,0.0884,0.0793,0.6486,0.2156
67,0.749025285243988,0.24834994971752167,mesoricin1_dd7d1/pdb/model_3_ptm_cluster4_r2_seed0.pdb,model_3_ptm,4,5,0.0884,0.0793,0.6486,0.2156
68,0.7394863963127136,0.2533460557460785,mesoricin1_dd7d1/pdb/model_4_ptm_cluster4_r3_seed0.pdb,model_4_ptm,4,5,0.0935,0.0814,0.6134,0.2447
69,0.7394863963127136,0.2533460557460785,mesoricin1_dd7d1/pdb/model_4_ptm_cluster4_r3_seed0.pdb,model_4_ptm,4,5,0.0935,0.0814,0.6134,0.2447
70,0.7394863963127136,0.2533460557460785,mesoricin1_dd7d1/pdb/model_4_ptm_cluster4_r3_seed0.pdb,model_4_ptm,4,5,0.0935,0.0814,0.6134,0.2447
71,0.7394863963127136,0.2533460557460785,mesoricin1_dd7d1/pdb/model_4_ptm_cluster4_r3_seed0.pdb,model_4_ptm,4,5,0.0935,0.0814,0.6134,0.2447
72,0.7327429056167603,0.26222580671310425,mesoricin1_dd7d1/pdb/model_5_ptm_cluster4_r3_seed0.pdb,model_5_ptm,4,5,0.0928,0.0826,0.627,0.2435
73,0.7327429056167603,0.26222580671310425,mesoricin1_dd7d1/pdb/model_5_ptm_cluster4_r3_seed0.pdb,model_5_ptm,4,5,0.0928,0.0826,0.627,0.2435
74,0.7327429056167603,0.26222580671310425,mesoricin1_dd7d1/pdb/model_5_ptm_cluster4_r3_seed0.pdb,model_5_ptm,4,5,0.0928,0.0826,0.627,0.2435
75,0.7327429056167603,0.26222580671310425,mesoricin1_dd7d1/pdb/model_5_ptm_cluster4_r3_seed0.pdb,model_5_ptm,4,5,0.0928,0.0826,0.627,0.2435
76,0.7467559278011322,0.2438923716545105,mesoricin1_dd7d1/pdb/model_1_ptm_cluster5_r3_seed0.pdb,model_1_ptm,5,5,0.0884,0.0813,0.6163,0.2398
77,0.7467559278011322,0.2438923716545105,mesoricin1_dd7d1/pdb/model_1_ptm_cluster5_r3_seed0.pdb,model_1_ptm,5,5,0.0884,0.0813,0.6163,0.2398
78,0.7467559278011322,0.2438923716545105,mesoricin1_dd7d1/pdb/model_1_ptm_cluster5_r3_seed0.pdb,model_1_ptm,5,5,0.0884,0.0813,0.6163,0.2398
79,0.7467559278011322,0.2438923716545105,mesoricin1_dd7d1/pdb/model_1_ptm_cluster5_r3_seed0.pdb,model_1_ptm,5,5,0.0884,0.0813,0.6163,0.2398
80,0.7430905401706696,0.23886093497276306,mesoricin1_dd7d1/pdb/model_2_ptm_cluster5_r1_seed0.pdb,model_2_ptm,5,5,0.0886,0.0833,0.5515,0.2568
81,0.7430905401706696,0.23886093497276306,mesoricin1_dd7d1/pdb/model_2_ptm_cluster5_r1_seed0.pdb,model_2_ptm,5,5,0.0886,0.0833,0.5515,0.2568
82,0.7534619867801666,0.24747802317142487,mesoricin1_dd7d1/pdb/model_3_ptm_cluster5_r3_seed0.pdb,model_3_ptm,5,5,0.0885,0.0815,0.6068,0.2399
83,0.7534619867801666,0.24747802317142487,mesoricin1_dd7d1/pdb/model_3_ptm_cluster5_r3_seed0.pdb,model_3_ptm,5,5,0.0885,0.0815,0.6068,0.2399
84,0.7534619867801666,0.24747802317142487,mesoricin1_dd7d1/pdb/model_3_ptm_cluster5_r3_seed0.pdb,model_3_ptm,5,5,0.0885,0.0815,0.6068,0.2399
85,0.7534619867801666,0.24747802317142487,mesoricin1_dd7d1/pdb/model_3_ptm_cluster5_r3_seed0.pdb,model_3_ptm,5,5,0.0885,0.0815,0.6068,0.2399
86,0.7710146307945251,0.25241345167160034,mesoricin1_dd7d1/pdb/model_4_ptm_cluster5_r3_seed0.pdb,model_4_ptm,5,5,0.0888,0.0822,0.5753,0.2576
87,0.7710146307945251,0.25241345167160034,mesoricin1_dd7d1/pdb/model_4_ptm_cluster5_r3_seed0.pdb,model_4_ptm,5,5,0.0888,0.0822,0.5753,0.2576
88,0.7710146307945251,0.25241345167160034,mesoricin1_dd7d1/pdb/model_4_ptm_cluster5_r3_seed0.pdb,model_4_ptm,5,5,0.0888,0.0822,0.5753,0.2576
89,0.7710146307945251,0.25241345167160034,mesoricin1_dd7d1/pdb/model_4_ptm_cluster5_r3_seed0.pdb,model_4_ptm,5,5,0.0888,0.0822,0.5753,0.2576
90,0.7563123404979706,0.25302886962890625,mesoricin1_dd7d1/pdb/model_5_ptm_cluster5_r2_seed0.pdb,model_5_ptm,5,5,0.0897,0.0831,0.5864,0.243
91,0.7563123404979706,0.25302886962890625,mesoricin1_dd7d1/pdb/model_5_ptm_cluster5_r2_seed0.pdb,model_5_ptm,5,5,0.0897,0.0831,0.5864,0.243
92,0.7563123404979706,0.25302886962890625,mesoricin1_dd7d1/pdb/model_5_ptm_cluster5_r2_seed0.pdb,model_5_ptm,5,5,0.0897,0.0831,0.5864,0.243
93,0.6644576191902161,0.17871983349323273,mesoricin1_dd7d1/pdb/model_1_ptm_cluster6_r2_seed0.pdb,model_1_ptm,6,3,0.0882,0.0832,0.5057,0.2246
94,0.6644576191902161,0.17871983349323273,mesoricin1_dd7d1/pdb/model_1_ptm_cluster6_r2_seed0.pdb,model_1_ptm,6,3,0.0882,0.0832,0.5057,0.2246
95,0.6644576191902161,0.17871983349323273,mesoricin1_dd7d1/pdb/model_1_ptm_cluster6_r2_seed0.pdb,model_1_ptm,6,3,0.0882,0.0832,0.5057,0.2246
96,0.6699576675891876,0.19936668872833252,mesoricin1_dd7d1/pdb/model_2_ptm_cluster6_r1_seed0.pdb,model_2_ptm,6,3,0.0883,0.0852,0.4516,0.2491
97,0.6699576675891876,0.19936668872833252,mesoricin1_dd7d1/pdb/model_2_ptm_cluster6_r1_seed0.pdb,model_2_ptm,6,3,0.0883,0.0852,0.4516,0.2491
98,0.7221353352069855,0.21995313465595245,mesoricin1_dd7d1/pdb/model_3_ptm_cluster6_r2_seed0.pdb,model_3_ptm,6,3,0.0887,0.0804,0.6073,0.2258
99,0.7221353352069855,0.21995313465595245,mesoricin1_dd7d1/pdb/model_3_ptm_cluster6_r2_seed0.pdb,model_3_ptm,6,3,0.0887,0.0804,0.6073,0.2258
100,0.7221353352069855,0.21995313465595245,mesoricin1_dd7d1/pdb/model_3_ptm_cluster6_r2_seed0.pdb,model_3_ptm,6,3,0.0887,0.0804,0.6073,0.2258
101,0.7093324959278107,0.2289251685142517,mesoricin1_dd7d1/pdb/model_4_ptm_cluster6_r3_seed0.pdb,model_4_ptm,6,3,0.0902,0.084,0.5217,0.2447
102,0.7093324959278107,0.2289251685142517,mesoricin1_dd7d1/pdb/model_4_ptm_cluster6_r3_seed0.pdb,model_4_ptm,6,3,0.0902,0.084,0.5217,0.2447
103,0.7093324959278107,0.2289251685142517,mesoricin1_dd7d1/pdb/model_4_ptm_cluster6_r3_seed0.pdb,model_4_ptm,6,3,0.0902,0.084,0.5217,0.2447
104,0.7093324959278107,0.2289251685142517,mesoricin1_dd7d1/pdb/model_4_ptm_cluster6_r3_seed0.pdb,model_4_ptm,6,3,0.0902,0.084,0.5217,0.2447
105,0.68949294090271,0.2279009371995926,mesoricin1_dd7d1/pdb/model_5_ptm_cluster6_r3_seed0.pdb,model_5_ptm,6,3,0.0892,0.0841,0.4935,0.2472
106,0.68949294090271,0.2279009371995926,mesoricin1_dd7d1/pdb/model_5_ptm_cluster6_r3_seed0.pdb,model_5_ptm,6,3,0.0892,0.0841,0.4935,0.2472
107,0.68949294090271,0.2279009371995926,mesoricin1_dd7d1/pdb/model_5_ptm_cluster6_r3_seed0.pdb,model_5_ptm,6,3,0.0892,0.0841,0.4935,0.2472
108,0.68949294090271,0.2279009371995926,mesoricin1_dd7d1/pdb/model_5_ptm_cluster6_r3_seed0.pdb,model_5_ptm,6,3,0.0892,0.0841,0.4935,0.2472
